Line,Line_Name,Sub_Region_of_Primary_Service,Predominant_Vehicle_Type,TSG_Service_Type,Population,Employment,Average_One_Way_Trip_Distance__km_,AVG_speed_km_per_hr,RANK_Annual_APC_Boardings,Annual_APC_Boardings,AVG_Daily_APC_Boardings_MF,AVG_Daily_APC_Boardings_Sat,AVG_Daily_APC_Boardings_SunHol,Annual_Revenue_Hours_with_Overcrowding,On_Time_Performance_Percentage,Annual_Service_Cost,Annual_Service_Hours,Year
2,MACDONALD/BURRARD STN,Vancouver/UBC,Std. Bus,All Day Frequent,93000,167000,8.6,18 km/h,20,3478610,10374,8770,6760,12,85%,6711208,54794,2023
3,MAIN/WATERFRONT STN,Vancouver/UBC,Artic. Trolley,All Day Frequent,86000,151000,10.5,14 km/h,16,3623075,10560,9598,7651,1,76%,6169846,54475,2023
4,POWELL/DOWNTOWN/UBC,Vancouver/UBC,Std. Trolley,Peak Frequent,135000,233000,13,18 km/h,33,2244939,6549,5913,4744,6,76%,6707529,60680,2023
005/006,ROBSON/DOWNTOWN/DAVIE,Vancouver/UBC,Std. Trolley,All Day Frequent,125000,196000,2.9,10 km/h,10,4528470,13204,11819,9683,9,83%,8618773,80589,2023
7,NANAIMO STN/DUNBAR,Vancouver/UBC,Std. Trolley,Standard,158000,226000,15.4,17 km/h,17,3572134,10553,9240,7156,3,66%,8275104,75617,2023
8,FRASER/WATERFRONT STN,Vancouver/UBC,Artic. Trolley,All Day Frequent,87000,150000,7.2,14 km/h,26,2997744,8854,7525,6195,1,74%,5458270,50004,2023
9,BDRY/COMM-BWY/GRAN/ALMA/UBC,Vancouver/UBC,Std. Bus,All Day Frequent,116000,112000,9.2,16 km/h,14,3864561,11598,8728,8023,11,83%,9465116,77033,2023
10,GRANVILLE/WATERFRONT STN,Vancouver/UBC,Artic. Trolley,All Day Frequent,109000,203000,11.6,16 km/h,24,3041880,9306,6835,5635,0,72%,6215234,54654,2023
14,HASTINGS/UBC,Vancouver/UBC,Std. Trolley,All Day Frequent,157000,250000,14,17 km/h,23,3128908,8777,9319,7161,7,73%,9219388,81999,2023
015/050,CAMBIE/OLYMPIC VILLAGE STN/WATERFRONT STN/FALSE CREEK SOUTH,Vancouver/UBC,Std. Bus,Standard,139000,249000,7.1,16 km/h,30,2465765,7111,6572,5478,3,77%,6211980,57697,2023
16,29TH AVENUE STN/ARBUTUS,Vancouver/UBC,Std. Trolley,All Day Frequent,164000,248000,18.4,16 km/h,7,5346397,15951,13178,10600,7,77%,10987222,100400,2023
17,DOWNTOWN/OAK,Vancouver/UBC,Std. Trolley,All Day Frequent,103000,217000,11.5,16 km/h,36,2140839,6518,4772,4123,2,71%,5286047,46864,2023
19,METROTOWN STN/STANLEY PARK,Vancouver/UBC,Std. Trolley,All Day Frequent,155000,219000,10.6,14 km/h,11,4487054,12637,12277,10930,5,70%,9455227,87478,2023
20,VICTORIA/DOWNTOWN,Vancouver/UBC,Artic. Trolley,All Day Frequent,109000,194000,8.7,14 km/h,12,4438302,13271,10596,8955,1,78%,8078562,69914,2023
22,KNIGHT/DOWNTOWN,Vancouver/UBC,Std. Bus,All Day Frequent,110000,197000,10.5,16 km/h,28,2803199,8617,6157,5142,7,84%,6328894,59245,2023
23,MAIN ST STN/ENGLISH BAY,Vancouver/UBC,Mini-Bus,All Day Frequent,104000,105000,5.5,15 km/h,56,1383566,4062,3603,2852,1,82%,2502085,43552,2023
25,BRENTWOOD STN/UBC,Vancouver/UBC,Std. Bus,All Day Frequent,107000,60000,18.3,21 km/h,5,6644351,20856,13921,10993,28,77%,12000638,112713,2023
26,JOYCE STN/29TH AVENUE STN,Vancouver/UBC,Std. Bus,Peak Frequent,60000,11000,10.8,20 km/h,61,1239542,3943,2574,1859,0,91%,2951485,27218,2023
27,KOOTENAY LOOP/JOYCE STN,Vancouver/UBC,Std. Bus,Peak Frequent,58000,21000,5.7,17 km/h,65,1163865,3539,2840,2062,0,88%,2093618,19448,2023
28,PHIBBS EXCH/JOYCE STN,Burnaby/New Westminster,Std. Bus,Peak Frequent,60000,32000,7.2,22 km/h,48,1617698,5022,3378,2908,1,82%,3563545,33767,2023
29,ELLIOTT/29TH AVENUE STN,Vancouver/UBC,Std. Bus,Peak Frequent,31000,4000,4.5,18 km/h,101,653194,2033,1468,1073,1,91%,1216024,11521,2023
31,METROTOWN STATION/RIVER DISTRICT,Vancouver/UBC,Mini-Bus,,43000,29000,5.4,23 km/h,132,269308,804,678,520,0,82%,506783,9119,2023
33,29 AVE STN/ UBC,Vancouver/UBC,Std. Bus,Peak Frequent,93000,36000,17.9,21 km/h,34,2239715,7246,4109,3305,14,78%,4547934,42579,2023
41,JOYCE STN/CROWN,Vancouver/UBC,Std. Trolley,All Day Frequent,79000,22000,8.4,20 km/h,38,2066885,5637,5890,5583,1,85%,5372942,49781,2023
42,ALMA/SPANISH BANKS,Vancouver/UBC,Mini-Bus,Special,9000,2000,3.6,24 km/h,190,11078,0,257,269,0,90%,34457,682,2023
44,UBC/DOWNTOWN,Vancouver/UBC,Artic. Bus,Peak Frequent,109000,207000,17,22 km/h,72,1101738,4372,0,0,5,80%,1851671,17867,2023
49,METROTOWN STN/DUNBAR LOOP/UBC,Vancouver/UBC,Artic. Bus,All Day Frequent,101000,80000,15.2,22 km/h,3,8474435,26718,16820,14293,25,76%,12012080,112003,2023
68,UBC EXCHANGE/WESBROOK VILLAGE,Vancouver/UBC,Mini-Bus,,19000,21000,6.1,21 km/h,115,479256,1378,1239,1112,1,88%,927485,17423,2023
80,MARINE DR STN/RIVER DISTRICT,Vancouver/UBC,Std. Trolley,,33000,13000,7,21 km/h,168,74863,418,0,0,0,95%,,2548,2023
84,UBC/VCC-CLARK STATION,Vancouver/UBC,Artic. Bus,Peak Frequent,79000,92000,13.7,23 km/h,32,2292827,7646,4368,2346,7,81%,4167713,35472,2023
99,COMMERCIAL-BROADWAY/UBC (B-LINE),Vancouver/UBC,Artic. Bus,All Day Frequent,94000,101000,13.8,21 km/h,1,11304971,35901,23717,17016,24,80%,14749254,118961,2023
100,22ND ST STN/MARPOLE LOOP,Vancouver/UBC,Std. Bus,All Day Frequent,56000,32000,16.5,24 km/h,18,3570442,10767,8149,7137,8,87%,7619749,68188,2023
101,LOUGHEED STN/22ND ST STN,Burnaby/New Westminster,Std. Bus,Standard,77000,27000,9.5,21 km/h,78,931962,2951,1843,1527,2,79%,2388155,22367,2023
102/103,NEW WESTMINSTER STN/VICTORIA HILL/QUAYSIDE,Burnaby/New Westminster,Mini-Bus,,30000,14000,2.2,15 km/h,121,451326,1390,1020,793,0,90%,,18492,2023
104,22ND ST STN/ANNACIS ISLAND,Southeast,Std. Bus,Peak Frequent,13000,15000,8.1,26 km/h,83,895718,3088,1306,831,6,81%,1899527,18626,2023
105,UPTOWN/NEW WESTMINSTER STATION,Burnaby/New Westminster,Mini-Bus,Standard,40000,18000,6.8,18 km/h,135,261381,791,648,472,0,75%,873377,12646,2023
106,NEW WESTMINSTER STN/EDMONDS STN,Burnaby/New Westminster,Std. Bus,All Day Frequent,59000,24000,6.3,15 km/h,25,3027129,9205,7309,5429,9,87%,3861542,37186,2023
109,NEW WESTMINSTER STN/LOUGHEED STN,Burnaby/New Westminster,Mini-Bus,Basic,51000,27000,7.3,21 km/h,150,139794,436,290,245,0,92%,688698,10022,2023
110,LOUGHEED STN/METROTOWN STN,Burnaby/New Westminster,Std. Bus,Standard,79000,53000,11.9,23 km/h,82,908091,2917,1642,1442,1,84%,3383442,31775,2023
112,EDMONDS STN/NEW WEST STN,Burnaby/New Westminster,Std. Bus,Standard,49000,18000,4.2,17 km/h,69,1140155,3587,2572,1710,1,95%,2014423,19157,2023
116,EDMONDS STN/METROTOWN STN,Burnaby/New Westminster,Std. Bus,Standard,55000,49000,15.3,25 km/h,64,1201572,4219,1409,1077,3,89%,3129565,30524,2023
119,EDMONDS STN/METROTOWN STN,Burnaby/New Westminster,Std. Bus,All Day Frequent,68000,41000,5.7,17 km/h,42,1932989,5734,4786,3947,2,94%,3262043,30158,2023
123,NEW WEST STN/BRENTWOOD STN,Burnaby/New Westminster,Std. Bus,All Day Frequent,67000,50000,7.2,20 km/h,39,2049653,6331,4427,3695,4,87%,4459387,40844,2023
128,BRAID STN/22ND STREET STN,Burnaby/New Westminster,Std. Bus,Standard,28000,13000,5.5,21 km/h,92,812688,2699,1386,1006,1,93%,1955923,19479,2023
129/133,PATTERSON STN/HOLDOM STN/EDMONDS STN,Burnaby/New Westminster,Std. Bus,Peak Frequent,121000,71000,9.9,20 km/h,43,1796068,5780,3383,2706,1,78%,4692654,43341,2023
130,METROTOWN/PENDER/KOOTENAY,Burnaby/New Westminster,Std. Bus,All Day Frequent,74000,61000,8.3,18 km/h,22,3180231,9885,7098,5305,6,76%,5213284,50520,2023
131,HASTINGS AT GILMORE/KOOTENAY LOOP,Burnaby/New Westminster,Mini-Bus,Basic,20000,6000,4.5,20 km/h,180,36372,116,67,58,0,83%,388469,5617,2023
132,CAPITOL HILL/HASTINGS AT GILMORE,Burnaby/New Westminster,Mini-Bus,Basic,14000,5000,3.8,21 km/h,178,38223,122,74,62,0,84%,176024,2590,2023
134,LAKE CITY STN/BRENTWOOD STN,Burnaby/New Westminster,Std. Bus,Standard,45000,29000,9.7,24 km/h,118,461000,1400,1020,906,1,82%,1875190,18988,2023
136,LOUGHEED STN/BRENTWOOD STN,Burnaby/New Westminster,Std. Bus,Standard,63000,31000,12.9,26 km/h,122,419856,1289,922,776,0,80%,1997044,20504,2023
143,BURQUITLAM STN/SFU,Northeast Sector,Artic. Bus,Peak Frequent,19000,5000,7,31 km/h,120,452941,1797,0,0,0,94%,1144003,9870,2023
144,SFU/METROTOWN STN,Burnaby/New Westminster,Std. Bus,Peak Frequent,65000,39000,15,25 km/h,49,1531841,4934,2991,2205,2,85%,4400883,41102,2023
145,SFU/PRODUCTION STN,Burnaby/New Westminster,Artic. Bus,All Day Frequent,11000,8000,8.1,31 km/h,50,1464344,5091,1856,1406,2,96%,3060437,26083,2023
146,METROTOWN STN/SUNCREST,Burnaby/New Westminster,Mini-Bus,Standard,32000,31000,3.4,22 km/h,158,98273,302,212,183,0,85%,393010,6185,2023
147,METROTOWN STN/EDMONDS STN,Burnaby/New Westminster,Mini-Bus,Peak Frequent,60000,33000,6.7,22 km/h,117,461923,1425,1008,833,1,95%,1103161,17127,2023
148,ROYAL OAK STN/EDMONDS STN,Burnaby/New Westminster,Mini-Bus,Peak Frequent,40000,16000,6.3,27 km/h,126,374435,1181,702,661,0,87%,797451,11763,2023
151,COQUITLAM CTRL STN/BURQUITLAM STN,Northeast Sector,Std. Bus,Standard,40000,10000,7.9,28 km/h,124,391815,1223,810,685,0,93%,1676540,15496,2023
152,COQUITLAM CENTRAL STN/LOUGHEED STN,Northeast Sector,Std. Bus,Peak Frequent,50000,21000,13.1,25 km/h,80,915786,2935,1746,1411,1,92%,2420260,22541,2023
153,COQUITLAM CENTRAL STN/BRAID STN,Northeast Sector,Std. Bus,Peak Frequent,32000,18000,9.8,26 km/h,103,636820,2143,946,785,0,89%,2098341,21141,2023
155,BRAID STN/22ND STREET STN,Burnaby/New Westminster,Std. Bus,Standard,36000,18000,7.5,19 km/h,100,657002,2000,1539,1209,0,88%,1716910,16141,2023
156,BRAID STN/LOUGHEED STN,Northeast Sector,Std. Bus,Basic,60000,24000,15.1,24 km/h,95,699696,2238,1655,839,1,83%,2225725,20542,2023
157,BURQUITLAM STN/LOUGHEED STN,Northeast Sector,Mini-Bus,Standard,46000,17000,11.2,24 km/h,112,489895,1493,1085,942,0,89%,1568326,18492,2023
159,COQUITLAM CENTRAL STN/BRAID STN,Northeast Sector,Std. Bus,Basic,42000,35000,16.6,26 km/h,94,709409,2303,1533,831,1,82%,2910476,26602,2023
160,PORT COQUITLAM STN/KOOTENAY LOOP,Northeast Sector,Std. Bus,All Day Frequent,90000,36000,26.1,26 km/h,59,1268056,3820,2989,2476,0,77%,6819111,63148,2023
169,COQUITLAM CENTRAL STN/BRAID STN,Northeast Sector,Mini-Bus,Standard,20000,17000,11.1,29 km/h,129,287391,760,852,847,0,92%,1232335,15599,2023
170,PT COQUITLAM STN/PT COQUITLAM SOUTH,Northeast Sector,Mini-Bus,Peak Frequent,19000,6000,4.4,23 km/h,165,89648,306,128,96,0,92%,635036,9211,2023
171/172,COQUITLAM CENTRAL STN/RIVERSIDE/FREMONT,Northeast Sector,Mini-Bus,Basic,36000,15000,8.8,26 km/h,110,532578,1737,1130,609,0,87%,1875192,27589,2023
173/174,COQUITLAM CENTRAL STN/CEDAR/ROCKLIN,Northeast Sector,Mini-Bus,Basic,46000,15000,10.9,24 km/h,125,389928,1279,776,456,0,80%,2454023,35933,2023
175,COQUITLAM CENTRAL STN/MERIDIAN,Northeast Sector,Mini-Bus,Peak Only Limited,26000,24000,7.4,22 km/h,159,96248,382,0,0,0,80%,415211,5993,2023
179,COQUITLAM CENTRAL STN/BUNTZEN LAKE,Northeast Sector,Std. Bus,Special,29000,14000,12,30 km/h,188,13898,0,321,339,0,73%,76889,980,2023
180,MOODY CTR STN/LOUGHEED STN,Northeast Sector,Mini-Bus,Peak Frequent,47000,14000,9.8,23 km/h,96,698816,2301,1168,963,0,89%,2307460,28245,2023
181,MOODY CTR STN/IOCO,Northeast Sector,Mini-Bus,Basic,18000,8000,12.3,32 km/h,174,59881,197,106,77,0,89%,483298,7248,2023
182,MOODY CTR STN/BELCARRA,Northeast Sector,Mini-Bus,Basic,23000,8000,19.3,34 km/h,155,106540,333,219,185,0,80%,900376,13760,2023
183,MOODY CTR STN/COQUITLAM CENTRAL STN,Northeast Sector,Std. Bus,Peak Frequent,66000,21000,13.3,25 km/h,116,479131,1582,810,636,0,87%,2740231,30034,2023
184/185,COQUITLAM CENTRAL STN/LANSDOWNE/MOODY CTR STN/NOONS CREEK,Northeast Sector,Mini-Bus,Peak Frequent,40000,17000,5.3,25 km/h,139,220931,737,366,268,0,91%,1458260,21015,2023
186,COQUITLAM CENTRAL STN/HAMPTON PARK,Northeast Sector,Mini-Bus,Peak Frequent,39000,12000,6.5,24 km/h,136,247325,777,527,400,1,90%,845912,12448,2023
187,COQUITLAM CENTRAL STN/PARKWAY BLVD,Northeast Sector,Mini-Bus,Peak Frequent,29000,9000,6.5,24 km/h,133,266694,860,492,404,0,89%,948494,14488,2023
188,COQUITLAM CENTRAL STN/PORT COQ STN,Northeast Sector,Std. Bus,Peak Frequent,62000,19000,12.6,26 km/h,104,615536,1986,1142,922,1,90%,2725301,25351,2023
189,COQUITLAM CENTRAL STN/LAFARGE PARK,Northeast Sector,Mini-Bus,Standard,22000,9000,4.1,20 km/h,162,93817,298,179,156,0,92%,620567,7580,2023
191,COQUITLAM CENTRAL STN/PRINCETON,Northeast Sector,Std. Bus,Standard,41000,13000,7.2,23 km/h,138,243287,769,484,400,0,84%,1071518,9763,2023
209,UPPER LYNN VALLEY/BURRARD STATION,North Shore,Std. Bus,Special,86000,182000,14.9,25 km/h,149,143798,397,451,336,0,84%,843487,7821,2023
210,UPPER LYNN VALLEY/BURRARD STATION,North Shore,Std. Bus,Peak Frequent,83000,177000,9.6,23 km/h,89,857705,2743,1675,1313,1,79%,3275118,30162,2023
211,SEYMOUR/PHIBBS EXCH/BURRARD STATION,North Shore,Std. Bus,Peak Frequent,78000,177000,13.4,27 km/h,102,651839,1982,1436,1280,1,80%,2802958,26994,2023
212,DEEP COVE/PHIBBS EXCH,North Shore,Std. Bus,Standard,13000,10000,8.8,31 km/h,131,272252,828,602,530,0,85%,1175693,10794,2023
215,INDIAN RIVER/PHIBBS EXCH,North Shore,Mini-Bus,Peak Frequent,10000,11000,6.8,28 km/h,141,201984,664,363,262,0,92%,967479,11043,2023
222,METROTOWN STATION/PHIBBS EXCHANGE,North Shore,Std. Bus,,66000,55000,11.7,24 km/h,81,911390,3617,0,0,7,86%,1821274,16977,2023
227,LYNN VALLEY/PHIBBS EXCHANGE,North Shore,Mini-Bus,Standard,19000,9000,7.4,24 km/h,148,146830,367,511,458,0,88%,741934,8720,2023
228,LYNN VALLEY/LONSDALE QUAY,North Shore,Std. Bus,Peak Frequent,43000,15000,5.8,22 km/h,106,575175,1750,1353,1056,0,83%,2147431,19989,2023
229,LYNN VALLEY/LONSDALE QUAY,North Shore,Std. Bus,Standard,51000,23000,6.3,16 km/h,87,859291,2573,2165,1630,1,83%,2210112,20454,2023
230,UPPER LONSDALE/LONSDALE QUAY,North Shore,Std. Bus,Standard,42000,20000,6.2,16 km/h,99,672623,2084,1616,1058,1,85%,1813804,16748,2023
231,HARBOURSIDE/LONSDALE QUAY,North Shore,Std. Bus,Peak Only Limited,17000,16000,2.6,16 km/h,185,18414,73,0,0,0,95%,129821,1244,2023
232,GROUSE MOUNTAIN/PHIBBS EXCH,North Shore,Std. Bus,Standard,48000,20000,11.9,21 km/h,98,672736,2050,1511,1279,0,78%,2271519,21143,2023
236,GROUSE MOUNTAIN/LONSDALE QUAY,North Shore,Std. Bus,Standard,29000,22000,7.2,23 km/h,111,521717,1313,1818,1587,0,85%,2247165,20654,2023
240,LYNN VALLEY/DOWNTOWN,North Shore,Std. Bus,All Day Frequent,97000,187000,11.2,21 km/h,27,2996403,9033,7455,5514,6,72%,6695653,56750,2023
241,UPPER LONSDALE/DOWNTOWN,North Shore,Std. Bus,Peak Only Limited,91000,186000,10.3,19 km/h,130,284174,1128,0,0,3,76%,923512,8672,2023
245,PHIBBS/CAPILANO,North Shore,Std. Bus,,6000,5000,3.8,23 km/h,105,611724,2323,307,176,1,91%,1834450,15693,2023
246/249,LONSDALE QUAY/DELBROOK/HIGHLAND/DOWNTOWN,North Shore,Std. Bus,Peak Frequent,99000,185000,7.7,21 km/h,68,1152396,3569,2579,1970,1,74%,3853467,36069,2023
247,GROUSE MOUNTAIN/DOWNTOWN,North Shore,Std. Bus,Peak Only Limited,71000,166000,16.3,26 km/h,170,66351,263,0,0,1,81%,295916,2888,2023
250,HORSESHOE BAY/DUNDARAVE/VANCOUVER,North Shore,Std. Bus,All Day Frequent,88000,183000,10.1,24 km/h,35,2216481,6449,6045,4591,21,66%,7352381,67570,2023
251,QUEENS/PARK ROYAL,North Shore,Mini-Bus,Basic,17000,14000,9.7,26 km/h,166,79905,260,147,113,0,73%,765460,8578,2023
252,INGLEWOOD/PARK ROYAL,North Shore,Mini-Bus,Basic,16000,13000,6.8,23 km/h,175,55959,177,110,94,0,75%,654214,7339,2023
253,CAULFEILD/VANCOUVER/PARK ROYAL,North Shore,Std. Bus,Basic,83000,182000,13.9,26 km/h,128,293414,1062,265,201,8,67%,1185781,10975,2023
254,BRITISH PROPERTIES/PARK ROYAL/VAN,North Shore,Std. Bus,Basic,81000,174000,12.6,26 km/h,146,168906,573,254,187,3,67%,828016,7707,2023
255,DUNDARAVE/CAPILANO UNIVERSITY,North Shore,Std. Bus,Peak Frequent,61000,48000,13.5,22 km/h,74,1020225,3228,2095,1620,5,60%,3495433,32568,2023
256,WHITBY ESTATE/PARK ROYAL/SPURAWAY,North Shore,Mini-Bus,Basic,18000,7000,8.6,20 km/h,161,94895,269,261,222,0,69%,491299,5415,2023
257,HORSESHOE BAY/VANCOUVER EXPRESS,North Shore,Artic. Bus,Standard,72000,179000,22,36 km/h,55,1411042,3677,4544,4084,5,82%,3462770,34958,2023
262,LIONS BAY/CAULFEILD,North Shore,Mini-Bus,Basic,4000,1000,12.4,47 km/h,181,33822,99,97,62,0,84%,494133,5602,2023
301,NEWTON EXCHANGE/BRIGHOUSE STATION,Southwest,Double Decker,Basic,76000,38000,29.6,34 km/h,45,1709820,5488,2954,2844,5,73%,3808597,36050,2023
310,SCOTTSDALE/LADNER,Southeast,Std. Bus,Basic,30000,10000,22.3,34 km/h,108,543594,1583,1281,1278,1,78%,2252556,22968,2023
311,SCOTTSDALE/BRIDGEPORT STN,Southeast,Double Decker,Peak Only Limited,23000,11000,29.3,47 km/h,142,195801,777,0,0,0,87%,856048,8065,2023
312,SCOTTSDALE/SCOTT ROAD STN,Southeast,Std. Bus,Standard,36000,12000,11.5,24 km/h,67,1152842,3480,2770,2179,19,90%,2394470,23027,2023
314,SURREY CENTRAL/SUNBURY,Southeast,Std. Bus,Basic,64000,28000,7.6,21 km/h,113,483683,1554,1001,668,15,77%,1075928,10172,2023
316,SURREY CENTRAL STN/SCOTTSDALE,Southeast,Std. Bus,Basic,56000,19000,10.7,21 km/h,85,891679,2660,2327,1668,10,80%,1683315,17051,2023
319,SCOTT STN/NEWTON EXCH/SCOTTSDALE,Southeast,Std. Bus,All Day Frequent,45000,22000,10.7,21 km/h,4,6832902,20400,16319,13908,22,68%,10486822,101076,2023
320,LANGLEY/FLEETWOOD/SURREY CTRL STN,Southeast,Std. Bus,All Day Frequent,91000,54000,14.5,23 km/h,37,2101594,6239,5098,4355,16,79%,5313827,52084,2023
321,WHITE ROCK/NEWTON/SURREY CTRL STN,Southeast,Std. Bus,All Day Frequent,117000,57000,22.9,25 km/h,19,3562091,10301,9417,7862,29,71%,6827256,75290,2023
322,NEWTON EX/SCOTTSDALE,Southeast,Mini-Bus,Standard,50000,11000,14.7,24 km/h,90,831059,2533,1801,1632,7,88%,1512419,30297,2023
323,NEWTON EXCH/SURREY CENTRAL STN,Southeast,Std. Bus,Peak Frequent,42000,32000,9.9,19 km/h,13,4125521,12162,9999,8899,29,79%,5049848,58703,2023
324,NEWTON EXCH/SURREY CENTRAL STN,Southeast,Std. Bus,Standard,43000,31000,10.8,21 km/h,54,1425345,4392,3119,2583,19,79%,2291751,23776,2023
325,NEWTON EXCH/SURREY CENTRAL STN,Southeast,Std. Bus,Standard,45000,21000,7.5,20 km/h,58,1284872,3869,2897,2618,17,86%,1985540,19226,2023
326,GUILDFORD/SURREY CENTRAL STN,Southeast,Std. Bus,Basic,66000,30000,12.4,21 km/h,114,482115,1600,797,621,9,80%,1255988,13168,2023
329,SURREY CENTRAL STN/SCOTTSDALE,Southeast,Std. Bus,Basic,66000,31000,8.9,19 km/h,145,178794,623,437,0,5,73%,383405,3868,2023
335,NEWTON/SURREY CENTRAL STN,Southeast,Std. Bus,Peak Frequent,101000,37000,13.9,22 km/h,15,3718333,11512,8097,6547,29,75%,5773820,60419,2023
337,FRASER HEIGHTS/GUILDFORD/SURREY CTR,Southeast,Std. Bus,All Day Frequent,47000,24000,7.8,26 km/h,86,875854,2630,1977,1812,2,84%,2185976,22797,2023
340,SCOTTSDALE/22ND ST STN,Southeast,Double Decker,Peak Frequent,26000,7000,16.6,37 km/h,52,1446387,4497,3125,2491,2,92%,2831872,27557,2023
341,GUILDFORD/NEWTON EXCH,Southeast,Std. Bus,Standard,65000,18000,9.1,21 km/h,77,933325,2821,2062,1896,6,86%,2024962,19462,2023
342,LANGLEY CENTRE/NEWTON EXCHANGE,Southeast,Std. Bus,Standard,56000,31000,21,26 km/h,51,1460432,4599,3137,2296,14,78%,3886378,36613,2023
345,KING GEORGE STN/WHITE ROCK CENTRE,Southeast,Std. Bus,Basic,63000,29000,20.1,25 km/h,73,1095543,4347,0,0,33,78%,2469670,26020,2023
350,WHITE ROCK CTR/CRESCENT BEACH,Southeast,Std. Bus,,30000,10000,9,31 km/h,143,186923,526,536,436,0,93%,1999321,18518,2023
351,WHITE ROCK CTR/BRIDGEPORT STN,Southeast,Double Decker,All Day Frequent,33000,18000,38.3,49 km/h,53,1432399,4187,3620,3117,0,77%,6393870,59428,2023
352,OCEAN PARK /BRIDGEPORT STN,Southeast,Std. Bus,Peak Only Limited,35000,15000,43.6,50 km/h,156,101359,402,0,0,0,83%,976734,9137,2023
354,WHITE ROCK SOUTH/BRIDGEPORT STATION,Southeast,Std. Bus,Peak Only Limited,49000,24000,45.6,43 km/h,153,117851,468,0,0,1,80%,815855,7640,2023
360,OCEAN PARK/PEACE ARCH HOSPITAL,Southeast,Mini-Bus,Basic,29000,10000,12.3,29 km/h,171,61597,213,84,59,0,73%,608120,8830,2023
361,OCEAN PARK/WHITE ROCK CENTRE,Southeast,Mini-Bus,Basic,35000,11000,11.3,27 km/h,163,93058,305,170,123,0,82%,646831,9374,2023
362,SEASIDE/WHITE ROCK CENTRE,Southeast,Mini-Bus,Standard,23000,10000,3.7,19 km/h,164,92399,200,385,361,0,78%,364176,5453,2023
363,SOUTHPOINT/PEACE ARCH HOSPITAL,Southeast,Mini-Bus,Standard,40000,17000,12.1,24 km/h,140,203285,576,552,486,0,77%,1268119,18496,2023
364,LANGLEY CTR/ SCOTTSDALE,Southeast,Std. Bus,Standard,65000,32000,21.7,25 km/h,46,1687818,5148,3960,3056,15,72%,3437474,34413,2023
371,SURREY CNTRL/SCOTT RD STN,Southeast,Mini-Bus,Basic,26000,20000,8.2,22 km/h,134,262667,829,576,396,1,82%,615613,9714,2023
373,GUILDFORD/ SURREY CNTRL STN,Southeast,Mini-Bus,Basic,54000,26000,10.2,22 km/h,93,749241,2289,1660,1418,5,75%,1319484,25145,2023
375,WHITE ROCK/WHITE ROCK STH/GUILDFORD,Southeast,Std. Bus,Standard,72000,25000,22.8,25 km/h,84,894606,2138,3397,2951,6,68%,2659860,25426,2023
388,22ND ST STN/CARVOLTH EXCH,Southeast,Std. Bus,Peak Only Limited,45000,29000,26.3,29 km/h,123,409797,1626,0,0,1,71%,1561349,14888,2023
391,SCOTTSDALE/SCOTT ROAD STN,Southeast,Std. Bus,Peak Only Limited,33000,11000,10.7,22 km/h,157,101257,402,0,0,12,85%,223483,2217,2023
393,NEWTON EXCH/SURREY CENTRAL STN,Southeast,Std. Bus,Peak Only Limited,55000,27000,13.4,20 km/h,151,137509,546,0,0,25,81%,221969,2132,2023
394,WHITE ROCK/KING GEORGE STN EXPRESS,Southeast,Std. Bus,Peak Only Limited,52000,36000,21.9,27 km/h,137,245466,974,0,0,2,77%,1268118,11502,2023
395,LANGLEY CENTRE/KING GEORGE STN,Southeast,Std. Bus,Peak Only Limited,62000,42000,20.9,27 km/h,147,149581,594,0,0,18,75%,692951,6217,2023
401,RICHMOND-BRIGHOUSE STN / ONE ROAD,Southwest,Std. Bus,Peak Frequent,53000,30000,9.4,24 km/h,62,1221778,3730,2794,2257,4,77%,3171735,29332,2023
402,TWO ROAD/BRIGHOUSE STATION,Southwest,Std. Bus,Peak Frequent,62000,29000,9.1,23 km/h,88,858070,2724,1648,1418,2,94%,2315531,21379,2023
403,BRIDGEPORT STN/THREE ROAD,Southwest,Std. Bus,Peak Frequent,62000,53000,10.2,21 km/h,47,1683220,4946,4257,3554,5,80%,4087265,38818,2023
404,FOUR ROAD/BRIGHOUSE STATION,Southwest,Std. Bus,Standard,48000,27000,8.1,24 km/h,119,456850,1383,1006,923,1,89%,1986818,18436,2023
405,FIVE ROAD/CAMBIE,Southwest,Std. Bus,Standard,70000,62000,18.7,26 km/h,97,675453,2144,1328,1090,0,71%,2446474,22744,2023
406,RICHMOND BRIGHOUSE STN/STEVESTON,Southwest,Std. Bus,All Day Frequent,63000,29000,10,26 km/h,57,1369755,4064,3332,2842,3,96%,3915560,36273,2023
407,GILBERT/BRIDGEPORT,Southwest,Std. Bus,Standard,81000,58000,15.2,23 km/h,75,1003556,3237,1756,1587,0,81%,3605710,33424,2023
408,BRIGHOUSE/IRONWOOD/RIVERPORT,Southwest,Std. Bus,Peak Frequent,57000,29000,8.3,24 km/h,60,1242548,3935,2483,2012,4,86%,2866000,26583,2023
410,RICHMOND-BRIGHOUSE STN/22ND ST STN,Southwest,Std. Bus,All Day Frequent,66000,60000,18.3,28 km/h,21,3296801,10055,7415,6224,8,78%,6959054,66086,2023
412,BRIDGEPORT STATION/SEA ISLAND SOUTH,Southwest,Mini-Bus,Basic,5000,8000,6.9,29 km/h,154,115333,445,65,0,0,92%,712016,8439,2023
413,RIVERPORT/STEVESTON,Southwest,Mini-Bus,Basic,37000,8000,10.7,27 km/h,152,120809,372,293,199,0,81%,670879,9646,2023
414,RICHMOND OVAL/BRIGHOUSE STN,Southwest,Mini-Bus,Basic,37000,27000,4.1,18 km/h,176,55086,190,143,0,0,80%,267847,3873,2023
416,EAST CAMBIE/BRIGHOUSE STATION,Southwest,Mini-Bus,Peak Only Limited,50000,42000,10.9,22 km/h,169,68917,273,0,0,1,68%,323553,4750,2023
418,KINGSWOOD/22ND ST STN,Southwest,Std. Bus,Peak Only Limited,11000,6000,8.5,31 km/h,127,314356,1247,0,0,0,73%,754286,7528,2023
430,METROTOWN/BRIGHOUSE STATION,Southwest,Std. Bus,Standard,100000,73000,18.9,22 km/h,31,2375121,7074,5754,4839,16,68%,4405034,44100,2023
501,LANGLEY CENTRE/SURREY CENTRAL STN,Southeast,Std. Bus,Standard,68000,65000,27.4,27 km/h,44,1792930,5753,3728,2488,14,77%,4986833,48422,2023
502,LANGLEY CENTRE/SURREY CENTRAL STN,Southeast,Std. Bus,All Day Frequent,67000,41000,18.7,25 km/h,41,1957241,5635,5594,4086,15,84%,6241032,58882,2023
503,ALDERGROVE/SURREY CENTRAL STN,Southeast,Std. Bus,Standard,78000,46000,22.5,29 km/h,29,2530230,7827,5320,4632,22,81%,7954672,72793,2023
509,WALNUT GROVE/SURREY CENTRAL STN,Southeast,Std. Bus,Peak Only Limited,71000,42000,21.9,34 km/h,160,94911,377,0,0,0,76%,702423,7107,2023
531,WHITE ROCK CENTRE/WILLOWBROOK,Southeast,Std. Bus,Standard,57000,38000,19.5,28 km/h,79,921098,2928,1793,1488,10,87%,3091104,30168,2023
555,CARVOLTH EXCH / LOUGHEED STN,Southeast,Double Decker,Peak Frequent,23000,13000,22.1,67 km/h,70,1122908,3770,1819,1300,8,94%,2150689,19841,2023
595,MAPLE MEADOWS STN/LANGLEY CENTRE,Southeast,Std. Bus,Standard,33000,31000,18.2,31 km/h,107,567037,1805,1126,888,1,77%,1951907,18494,2023
601,SOUTH DELTA/BOUNDARY BAY/BRIDGEPORT,Southwest,Std. Bus,Peak Frequent,29000,15000,24.9,37 km/h,71,1116255,3276,2805,2389,5,79%,4854479,45743,2023
603,BEACH GROVE/BRIDGEPORT,Southwest,Std. Bus,Peak Only Limited,22000,10000,14.7,35 km/h,179,38068,151,0,0,0,79%,421456,3936,2023
609,TSAWWASSEN FIRST NATION/SOUTH DELTA,Southwest,Mini-Bus,Basic,8000,4000,6.5,23 km/h,183,19443,60,43,34,0,76%,419282,5992,2023
614,ENGLISH BLUFF/SOUTH DELTA EXCH,Southwest,Mini-Bus,Basic,17000,5000,6.7,27 km/h,191,10812,30,34,23,0,85%,197143,2879,2023
616,LADNER SOUTH/LADNER EXCH,Southwest,Mini-Bus,Basic,13000,6000,3.8,26 km/h,182,21481,70,41,28,0,95%,300047,4262,2023
618,LADNER NORTH/LADNER EXCH,Southwest,Mini-Bus,Basic,15000,5000,4.3,27 km/h,186,18340,60,39,22,0,92%,297993,4323,2023
619,BOUNDARY BAY/SOUTH DELTA REC CENTRE,Southwest,Mini-Bus,Basic,8000,3000,5.5,28 km/h,192,10496,31,28,19,0,90%,182361,2712,2023
620,TSAWWASSEN FERRY/BRIDGEPORT STATION,Southwest,Double Decker,Standard,10000,7000,27.9,47 km/h,91,820365,2045,2630,2755,13,73%,2715435,25772,2023
640,LADNER EXCH/SCOTT ROAD STN,Southeast,Std. Bus,Standard,13000,22000,20.6,35 km/h,66,1156703,3910,1692,1378,2,84%,4369054,45557,2023
701,HANEY/MAPLE RIDGE EAST/COQ STN,Maple Ridge/Pitt Meadows,Std. Bus,All Day Frequent,63000,35000,25.4,29 km/h,63,1210646,3606,2927,2470,0,73%,6265300,57886,2023
719/722,MEADOWTOWN/FRASER WAY/BONSON,Maple Ridge/Pitt Meadows,Mini-Bus,Basic,17000,9000,6,23 km/h,184,19392,73,22,0,0,79%,350788,5084,2023
733,ROCK RIDGE/HANEY PL/PT HANEY STN,Maple Ridge/Pitt Meadows,Mini-Bus,Basic,20000,9000,6.9,28 km/h,173,60016,191,118,95,0,90%,527017,7742,2023
741,ANDERSON CREEK/HANEY PL/PT HANEY ST,Maple Ridge/Pitt Meadows,Mini-Bus,Basic,18000,9000,7,28 km/h,172,61275,198,110,92,0,91%,509283,7432,2023
743,HANEY PL/MAPLE MDWS STN/MEADOWTOWN,Maple Ridge/Pitt Meadows,Mini-Bus,Basic,27000,16000,7.7,25 km/h,177,51785,188,83,6,0,84%,741062,10735,2023
744,HANEY PL/MAPLE MDWS STN/MEADOWTOWN,Maple Ridge/Pitt Meadows,Mini-Bus,Basic,30000,16000,11.3,25 km/h,167,78242,287,118,0,0,80%,726838,10574,2023
745/746,HANEY PLACE/COTTONWOOD/ALBION,Maple Ridge/Pitt Meadows,Mini-Bus,Basic,33000,11000,10.9,30 km/h,144,183722,643,236,157,0,79%,1004135,15860,2023
748,THORNHILL/HANEY PLACE,Maple Ridge/Pitt Meadows,Mini-Bus,Basic,17000,9000,19.6,37 km/h,189,13821,49,31,0,0,75%,195255,2672,2023
749,RUSKIN/HANEY PLACE,Maple Ridge/Pitt Meadows,Mini-Bus,Basic,14000,8000,17.4,40 km/h,187,14341,50,35,0,0,75%,175199,2547,2023
791,HANEY PLACE/BRAID STN,Maple Ridge/Pitt Meadows,Std. Bus,Basic,37000,43000,26.9,32 km/h,109,537264,2132,0,0,3,79%,2170748,21174,2023
R1,KING GEORGE BLVD,Southeast,Artic. Bus,All Day Frequent,58000,35000,11.3,22 km/h,8,4874817,14592,11391,9969,17,80%,5883318,52810,2023
R2,MARINE DR,North Shore,Artic. Bus,All Day Frequent,35000,34000,10.8,19 km/h,40,1964123,5769,5065,4082,0,74%,5334167,52453,2023
R3,LOUGHEED HWY,Maple Ridge/Pitt Meadows,Artic. Bus,All Day Frequent,25000,17000,17.3,37 km/h,76,1001110,3014,2401,1930,0,92%,4828579,44784,2023
R4,41ST AVE,Vancouver/UBC,Artic. Bus,All Day Frequent,81000,36000,19.3,28 km/h,2,8843233,27865,18565,14175,23,88%,11975846,110482,2023
R5,HASTINGS STREET,Burnaby/New Westminster,Artic. Bus,All Day Frequent,81000,177000,12.5,24 km/h,9,4665992,14635,9737,7797,14,80%,9070074,77319,2023
SeaBus,WATERFRONT STN/LONSDALE QUAY,North Shore,SeaBus,Special,29700,103500,3.2,,6,5696264,15982,16975,13018,,,,,2023